,month_of_date
0,2
1,9
2,2
3,10
4,8
5,7
6,3
7,10
8,1
9,4
10,8
11,8
12,9
13,5
14,1
15,10
16,10
17,7
18,11
19,9
20,1
21,4
22,8
23,8
24,9
25,3
26,7
27,4
28,2
29,3
30,3
31,1
32,5
33,6
34,8
35,7
36,3
37,6
38,8
39,8
40,3
41,8
42,10
43,9
44,2
45,6
46,6
47,8
48,8
49,7
50,9
51,4
52,4
53,8
54,8
55,4
56,6
57,1
58,9
59,9
60,9
61,9
62,5
63,9
64,11
65,1
66,6
67,2
68,10
69,9
70,7
71,7
72,9
73,8
74,8
75,7
76,11
77,6
78,11
79,7
80,8
81,2
82,11
83,6
84,3
85,3
86,7
87,3
88,3
89,3
90,4
91,4
92,4
93,6
94,6
95,4
96,2
97,3
98,12
99,6
100,3
101,3
102,11
103,7
104,7
105,7
106,10
107,7
108,4
109,4
110,9
111,8
112,3
113,5
114,9
115,5
116,1
117,2
118,8
119,8
120,8
121,9
122,7
123,3
124,7
125,7
126,3
127,9
128,4
129,8
130,10
131,4
132,8
133,9
134,1
135,8
136,11
137,5
138,3
139,1
140,6
141,3
142,9
143,5
144,1
145,6
146,1
147,5
148,4
149,1
150,9
151,1
152,4
153,4
154,1
155,6
156,12
157,4
158,6
159,4
160,5
161,2
162,10
163,1
164,9
165,5
166,9
167,10
168,7
169,11
170,8
171,3
172,11
173,9
174,1
175,7
176,1
177,4
178,10
179,11
180,11
181,11
182,12
183,3
184,9
185,5
186,9
187,2
188,9
189,1
190,10
191,1
192,4
193,7
194,2
195,3
196,1
197,8
198,1
199,6
200,3
201,4
202,2
203,2
204,8
205,8
206,6
207,1
208,11
209,8
210,6
211,1
212,4
213,4
214,8
215,6
216,1
217,8
218,9
219,8
220,4
221,3
222,3
223,7
224,5
225,8
226,9
227,3
228,9
229,2
230,6
231,1
232,2
233,11
234,4
235,8
236,4
237,4
238,7
239,6
240,9
241,8
242,4
243,7
244,3
245,9
246,1
247,9
248,2
249,1
250,4
251,3
252,8
253,3
254,4
255,12
256,7
257,1
258,6
259,1
260,5
261,11
262,1
263,4
264,1
265,11
266,1
267,4
268,3
269,1
270,6
271,10
272,8
273,5
274,9
275,11
276,6
277,11
278,5
279,7
280,9
281,3
282,6
283,9
284,12
285,9
286,11
287,5
288,9
289,5
290,9
291,4
292,9
293,1
294,7
295,6
296,8
297,5
298,3
299,3
300,3
301,10
302,7
303,12
304,2
305,6
306,11
307,7
308,9
309,8
310,6
311,10
312,10
313,4
314,1
315,1
316,1
317,12
318,6
319,7
320,5
321,10
322,1
323,10
324,11
325,8
326,9
327,3
328,5
329,3
330,1
331,9
332,7
333,3
334,1
335,6
336,2
337,6
338,5
339,2
340,6
341,10
342,5
343,1
344,10
345,2
346,11
347,10
348,4
349,8
350,11
351,4
352,6
353,5
354,11
355,7
356,2
357,3
358,10
359,3
360,9
361,10
362,4
363,1
364,5
365,11
366,10
367,5
368,1
369,2
370,8
371,8
372,1
373,11
374,10
375,4
376,3
377,1
378,9
379,1
380,5
381,8
382,9
383,8
384,4
385,7
386,1
387,10
388,6
389,10
390,10
391,5
392,8
393,1
394,4
395,3
396,7
397,11
398,10
399,11
400,5
401,8
402,4
403,9
404,1
405,2
406,1
407,11
408,5
409,9
410,3
411,1
412,8
413,11
414,9
415,9
416,1
417,10
418,4
419,5
420,2
421,5
422,6
423,6
424,12
425,12
426,4
427,6
428,3
429,1
430,6
431,5
432,5
433,6
434,2
435,5
436,11
437,12
438,8
439,5
440,9
441,11
442,3
443,12
444,6
445,7
446,5
447,11
448,1
449,9
450,10
451,4
452,12
453,3
454,10
455,1
456,2
457,1
458,2
459,1
460,4
461,7
462,8
463,1
464,5
465,2
466,5
467,11
468,10
469,6
470,4
471,9
472,5
473,3
474,10
475,9
476,10
477,6
478,7
479,9
480,6
481,8
482,4
483,2
484,1
485,4
486,3
487,9
488,11
489,3
490,9
491,4
492,4
493,11
494,9
495,2
496,8
497,1
498,9
499,4
500,12
501,1
502,3
503,9
504,2
505,4
506,11
507,9
508,9
509,3
510,8
511,9
512,7
513,5
514,2
515,10
516,5
517,2
518,4
519,9
520,10
521,12
522,11
523,9
524,2
525,10
526,5
527,3
528,10
529,10
530,3
531,1
532,9
533,3
534,7
535,5
536,4
537,7
538,3
539,1
540,4
541,10
542,9
543,11
544,10
545,3
546,9
547,5
548,1
549,5
550,11
551,4
552,1
553,4
554,6
555,3
556,11
557,5
558,11
559,11
560,1
561,4
562,10
563,11
564,5
565,9
566,9
567,8
568,4
569,1
570,11
571,8
572,11
573,2
574,12
575,5
576,7
577,9
578,4
579,11
580,7
581,2
582,1
583,10
584,7
585,1
586,3
587,4
588,4
589,5
590,9
591,5
592,4
593,1
594,4
595,5
596,3
597,4
598,1
599,4
600,12
601,9
602,4
603,9
604,4
605,8
606,11
607,7
608,12
609,3
610,2
611,6
612,3
613,12
614,6
615,1
616,2
617,6
618,5
619,5
620,7
621,3
622,5
623,9
624,6
625,8
626,10
627,6
628,8
629,6
630,8
631,4
632,7
633,4
634,11
635,10
636,4
637,1
638,8
639,2
640,5
641,6
642,2
643,9
644,4
645,3
646,6
647,2
648,5
649,5
650,9
651,4
652,6
653,9
654,3
655,11
656,10
657,8
658,10
659,10
660,4
661,9
662,1
663,4
664,8
665,10
666,1
667,8
668,12
669,1
670,11
671,1
672,6
673,6
674,3
675,11
676,2
677,11
678,7
679,1
680,9
681,12
682,12
683,10
684,12
685,7
686,8
687,3
688,3
689,3
690,10
691,7
692,11
693,11
694,11
695,1
696,4
697,9
698,3
699,11
700,12
701,1
702,10
703,10
704,3
705,2
706,4
707,3
708,11
709,6
710,10
711,5
712,9
713,2
714,7
715,10
716,4
717,6
718,4
719,8
720,9
721,3
722,3
723,4
724,1
725,3
726,2
727,12
728,9
729,2
730,2
731,8
732,8
733,5
734,1
735,9
736,11
737,1
738,12
739,9
740,1
741,10
742,4
743,2
744,9
745,11
746,5
747,11
748,3
749,5
750,9
751,2
752,3
753,10
754,1
755,10
756,6
757,8
758,5
759,8
760,9
761,1
762,2
763,5
764,6
765,3
766,6
767,12
768,4
769,10
770,7
771,10
772,3
773,2
774,10
775,3
776,11
777,11
778,12
779,4
780,1
781,7
782,2
783,1
784,2
785,8
786,8
787,10
788,6
789,9
790,7
791,1
792,3
793,1
794,11
795,6
796,4
797,3
798,6
799,11
800,10
801,9
802,3
803,11
804,6
805,8
806,5
807,9
808,7
809,5
810,6
811,3
812,2
813,4
814,12
815,2
816,3
817,4
818,8
819,2
820,9
821,10
822,5
823,8
824,12
825,7
826,1
827,4
828,8
829,6
830,12
831,7
832,4
833,11
834,8
835,1
836,8
837,4
838,4
839,3
840,9
841,5
842,1
843,4
844,10
845,10
846,4
847,3
848,2
849,10
850,9
851,10
852,1
853,8
854,3
855,7
856,9
857,1
858,12
859,9
860,1
861,12
862,4
863,2
864,3
865,2
866,11
867,11
868,1
869,8
870,12
871,5
872,2
873,6
874,3
875,3
876,6
877,8
878,2
879,2
880,9
881,4
882,4
883,7
884,7
885,6
886,9
887,8
888,10
889,6
890,8
891,8
892,12
893,3
894,5
895,8
896,2
897,1
898,9
899,9
900,12
901,7
902,12
903,11
904,11
905,5
906,1
907,3
908,2
909,3
910,7
911,5
912,10
913,9
914,1
915,4
916,3
917,4
918,1
919,4
920,3
921,7
922,12
923,6
924,10
925,9
926,11
927,6
928,7
929,6
930,8
931,8
932,12
933,6
934,12
935,3
936,11
937,11
938,8
939,8
940,2
941,6
942,10
943,5
944,9
945,11
946,2
947,5
948,9
949,9
950,9
951,1
952,9
953,5
954,8
955,1
956,4
957,11
958,6
959,4
960,5
961,10
962,11
963,4
964,12
965,5
966,2
967,4
968,1
969,8
970,1
971,10
972,2
973,10
974,6
975,12
976,12
977,9
978,12
979,9
980,10
981,5
982,1
983,11
984,11
985,2
986,3
987,10
988,3
989,12
990,6
991,8
992,9
993,2
994,4
995,1
996,9
997,9
998,6
999,2
1000,7
1001,12
1002,7
1003,10
1004,4
1005,10
1006,11
1007,9
1008,4
1009,7
1010,7
1011,11
1012,6
1013,10
1014,3
1015,4
1016,5
1017,3
1018,12
1019,6
1020,1
1021,10
1022,3
1023,8
1024,11
1025,10
1026,5
1027,9
1028,10
1029,1
1030,9
1031,10
1032,3
1033,6
1034,3
1035,10
1036,11
1037,4
1038,10
1039,9
1040,3
1041,5
1042,7
1043,9
1044,4
1045,12
1046,2
1047,5
1048,9
1049,1
1050,10
1051,4
1052,3
1053,8
1054,6
1055,7
1056,4
1057,10
1058,8
1059,7
1060,12
1061,8
1062,8
1063,3
1064,6
1065,11
1066,3
1067,1
1068,4
1069,11
1070,7
1071,11
1072,10
1073,12
1074,10
1075,7
1076,2
1077,7
1078,3
1079,10
1080,11
1081,4
1082,6
1083,3
1084,9
1085,2
1086,11
1087,8
1088,9
1089,4
1090,11
1091,12
1092,12
1093,11
1094,12
1095,4
1096,3
1097,2
1098,9
1099,2
1100,8
1101,1
1102,9
1103,5
1104,3
1105,8
1106,2
1107,8
1108,10
1109,8
1110,12
1111,10
1112,8
1113,4
1114,8
1115,3
1116,2
1117,8
1118,6
1119,9
1120,11
1121,4
1122,9
1123,6
1124,1
1125,1
1126,4
1127,12
1128,12
1129,2
1130,10
1131,4
1132,9
1133,4
1134,1
1135,9
1136,4
1137,9
1138,11
1139,10
1140,7
1141,9
1142,12
1143,8
1144,2
1145,9
1146,1
1147,1
1148,8
1149,8
1150,11
1151,3
1152,1
1153,9
1154,5
1155,2
1156,9
1157,9
1158,12
1159,4
1160,9
1161,3
1162,11
1163,9
1164,6
1165,12
1166,3
1167,5
1168,3
1169,4
1170,4
1171,1
1172,12
1173,8
1174,4
1175,9
1176,10
1177,2
1178,4
1179,2
1180,6
1181,6
1182,10
1183,10
1184,7
1185,7
1186,3
1187,4
1188,9
1189,7
1190,9
1191,10
1192,9
1193,10
1194,11
1195,7
1196,8
1197,8
1198,12
1199,1
1200,12
1201,5
1202,5
1203,2
1204,3
1205,4
1206,4
1207,6
1208,12
1209,8
1210,1
1211,6
1212,3
1213,2
1214,11
1215,8
1216,11
1217,4
1218,1
1219,12
1220,2
1221,7
1222,9
1223,10
1224,1
1225,3
1226,10
1227,12
1228,10
1229,7
1230,9
1231,1
1232,5
1233,5
1234,6
1235,12
1236,6
1237,9
1238,4
1239,4
1240,12
1241,2
1242,1
1243,7
1244,9
1245,10
1246,4
1247,1
1248,10
1249,12
1250,3
1251,1
1252,1
1253,9
1254,6
1255,1
1256,5
1257,3
1258,6
1259,9
1260,3
1261,9
1262,2
1263,3
1264,8
1265,6
1266,1
1267,3
1268,8
1269,9
1270,4
1271,5
1272,4
1273,10
1274,3
1275,1
1276,2
1277,7
1278,7
1279,8
1280,1
1281,12
1282,3
1283,5
1284,7
1285,12
1286,6
1287,4
1288,6
1289,2
1290,1
1291,4
1292,11
1293,2
1294,9
1295,10
1296,11
1297,4
1298,7
1299,8
1300,9
1301,5
1302,8
1303,9
1304,4
1305,2
1306,12
1307,8
1308,9
1309,9
1310,7
1311,6
1312,10
1313,9
1314,5
1315,1
1316,8
1317,3
1318,1
1319,4
1320,1
1321,5
1322,8
1323,3
1324,11
1325,10
1326,4
1327,3
1328,8
1329,1
1330,2
1331,2
1332,3
1333,7
1334,2
1335,12
1336,3
1337,1
1338,3
1339,8
1340,5
1341,4
1342,10
1343,3
1344,11
1345,12
1346,2
1347,1
1348,12
1349,8
1350,4
1351,6
1352,1
1353,1
1354,5
1355,7
1356,2
1357,4
1358,9
1359,5
1360,11
1361,2
1362,10
1363,9
1364,4
1365,2
1366,7
1367,1
1368,4
1369,11
1370,10
1371,3
1372,1
1373,10
1374,12
1375,3
1376,10
1377,1
1378,5
1379,2
1380,8
1381,4
1382,7
1383,7
1384,12
1385,1
1386,10
1387,1
1388,1
1389,3
1390,2
1391,6
1392,3
1393,4
1394,4
1395,8
1396,8
1397,4
1398,8
1399,3
1400,7
1401,12
1402,8
1403,11
1404,2
1405,9
1406,8
1407,6
1408,6
1409,8
1410,10
1411,6
1412,1
1413,1
1414,1
1415,6
1416,3
1417,10
1418,3
1419,5
1420,1
1421,7
1422,1
1423,9
1424,10
1425,8
1426,4
1427,12
1428,3
1429,11
1430,5
1431,5
1432,4
1433,12
1434,2
1435,2
1436,5
1437,5
1438,11
1439,7
1440,11
1441,8
1442,8
1443,8
1444,9
1445,1
1446,1
1447,9
1448,4
1449,8
1450,4
1451,12
1452,11
1453,9
1454,12
1455,1
1456,3
1457,2
1458,10
1459,2
1460,2
1461,4
1462,6
1463,10
1464,9
1465,6
1466,1
1467,10
1468,9
1469,8
1470,8
1471,9
1472,12
1473,12
1474,11
1475,4
1476,1
1477,9
1478,3
1479,1
1480,8
1481,11
1482,2
1483,3
1484,10
1485,5
1486,12
1487,12
1488,9
1489,12
1490,10
1491,4
1492,1
1493,6
1494,2
1495,2
1496,9
1497,1
1498,11
1499,6
1500,5
1501,8
1502,12
1503,2
1504,12
1505,6
1506,6
1507,4
1508,2
1509,1
1510,3
1511,5
1512,8
1513,11
1514,10
1515,1
1516,6
1517,10
1518,10
1519,5
1520,6
1521,10
1522,5
1523,10
1524,12
1525,12
1526,2
1527,7
1528,9
1529,8
1530,1
1531,10
1532,4
1533,4
1534,3
1535,12
1536,4
1537,12
1538,1
1539,5
1540,2
1541,8
1542,4
1543,4
1544,5
1545,7
1546,3
1547,11
1548,5
1549,2
1550,8
1551,9
1552,11
1553,3
1554,8
1555,1
1556,5
1557,4
1558,11
1559,2
1560,8
1561,5
1562,2
1563,3
1564,5
1565,11
1566,9
1567,8
1568,9
1569,9
1570,9
1571,2
1572,8
1573,8
1574,6
1575,7
1576,4
1577,11
1578,5
1579,12
1580,6
1581,12
1582,7
1583,8
1584,11
1585,7
1586,10
1587,3
1588,1
1589,6
1590,3
1591,9
1592,9
1593,10
1594,7
1595,4
1596,7
1597,10
1598,5
1599,4
1600,9
1601,1
1602,11
1603,9
1604,1
1605,3
1606,5
1607,1
1608,8
1609,9
1610,1
1611,3
1612,9
1613,10
1614,3
1615,8
1616,7
1617,4
1618,7
1619,6
1620,1
1621,3
1622,4
1623,2
1624,11
1625,11
1626,4
1627,12
1628,6
1629,1
1630,3
1631,12
1632,5
1633,11
1634,3
1635,11
1636,7
1637,5
1638,2
1639,11
1640,1
1641,2
1642,12
1643,1
1644,10
1645,10
1646,7
1647,10
1648,6
1649,7
1650,8
1651,2
1652,8
1653,2
1654,12
1655,4
1656,9
1657,10
1658,11
1659,1
1660,12
1661,3
1662,4
1663,10
1664,9
1665,9
1666,4
1667,10
1668,7
1669,6
1670,2
1671,5
1672,10
1673,10
1674,9
1675,3
1676,9
1677,9
1678,6
1679,10
1680,12
1681,10
1682,1
1683,10
1684,4
1685,3
1686,4
1687,3
1688,10
1689,5
1690,2
1691,12
1692,10
1693,9
1694,8
1695,10
1696,11
1697,10
1698,9
1699,2
1700,2
1701,7
1702,5
1703,6
1704,6
1705,11
1706,6
1707,10
1708,9
1709,12
1710,9
1711,4
1712,1
1713,12
1714,3
1715,2
1716,12
1717,11
1718,9
1719,1
1720,8
1721,6
1722,7
1723,6
1724,9
1725,10
1726,11
1727,11
1728,3
1729,3
1730,11
1731,6
1732,6
1733,2
1734,9
1735,6
1736,10
1737,12
1738,12
1739,8
1740,12
1741,9
1742,4
1743,12
1744,2
1745,10
1746,9
1747,7
1748,1
1749,1
1750,12
1751,10
1752,6
1753,7
1754,4
1755,1
1756,12
1757,8
1758,4
1759,2
1760,7
1761,1
1762,2
1763,5
1764,5
1765,12
1766,2
1767,12
1768,3
1769,11
1770,9
1771,10
1772,4
1773,12
1774,1
1775,8
1776,9
1777,1
1778,5
1779,10
1780,5
1781,3
1782,6
1783,4
1784,8
1785,3
1786,5
1787,5
1788,7
1789,5
1790,5
1791,4
1792,2
1793,11
1794,9
1795,1
1796,1
1797,3
1798,7
1799,6
1800,11
1801,7
1802,3
1803,6
1804,6
1805,10
1806,3
1807,5
1808,2
1809,10
1810,6
1811,8
1812,9
1813,9
1814,6
1815,11
1816,7
1817,10
1818,2
1819,2
1820,3
1821,5
1822,4
1823,2
1824,9
1825,3
1826,12
1827,5
1828,8
1829,4
1830,11
1831,11
1832,3
1833,10
1834,2
1835,12
1836,1
1837,3
1838,7
1839,3
1840,3
1841,1
1842,8
1843,12
1844,7
1845,10
1846,10
1847,8
1848,6
1849,8
1850,7
1851,9
1852,3
1853,9
1854,5
1855,10
1856,11
1857,6
1858,5
1859,1
1860,12
1861,6
1862,10
1863,5
1864,11
1865,9
1866,5
1867,9
1868,12
1869,6
1870,1
1871,5
1872,5
1873,3
1874,1
1875,1
1876,8
1877,3
1878,9
1879,9
1880,6
1881,11
1882,8
1883,2
1884,8
1885,10
1886,11
1887,4
1888,6
1889,6
1890,4
1891,12
1892,9
1893,8
1894,4
1895,12
1896,4
1897,4
1898,11
1899,10
1900,8
1901,5
1902,9
1903,2
1904,3
1905,5
1906,9
1907,1
1908,12
1909,3
1910,4
1911,4
1912,5
1913,7
1914,1
1915,8
1916,10
1917,9
1918,11
1919,1
1920,6
1921,1
1922,9
1923,2
1924,10
1925,1
1926,8
1927,6
1928,2
1929,4
1930,4
1931,3
1932,5
1933,3
1934,3
1935,10
1936,3
1937,11
1938,12
1939,1
1940,1
1941,3
1942,7
1943,2
1944,1
1945,6
1946,12
1947,1
1948,1
1949,4
1950,10
1951,10
1952,3
1953,9
1954,10
1955,11
1956,5
1957,3
1958,12
1959,6
1960,2
1961,6
1962,11
1963,4
1964,10
1965,7
1966,6
1967,2
1968,3
1969,12
1970,6
1971,9
1972,4
1973,4
1974,9
1975,4
1976,12
1977,12
1978,6
1979,12
1980,10
1981,2
1982,9
1983,7
1984,5
1985,6
1986,1
1987,5
1988,8
1989,1
1990,6
1991,9
1992,10
1993,11
1994,10
1995,4
1996,4
1997,8
1998,12
1999,1
2000,10
2001,6
2002,3
2003,12
2004,11
2005,11
2006,12
2007,10
2008,5
2009,6
2010,10
2011,5
2012,4
2013,12
2014,7
2015,5
2016,7
2017,10
2018,5
2019,4
2020,2
2021,9
2022,6
2023,5
2024,1
2025,5
2026,8
2027,7
2028,11
2029,7
2030,5
2031,4
2032,6
2033,7
2034,4
2035,8
2036,1
2037,2
2038,6
2039,4
2040,7
2041,1
2042,12
2043,9
2044,1
2045,11
2046,3
2047,7
2048,4
2049,3
2050,3
2051,10
2052,9
2053,10
2054,11
2055,12
2056,10
2057,10
2058,12
2059,12
2060,5
2061,2
2062,1
2063,2
2064,3
2065,9
2066,8
2067,10
2068,1
2069,10
2070,7
2071,1
2072,10
2073,1
2074,10
2075,1
2076,4
2077,11
2078,4
2079,9
2080,12
2081,10
2082,8
2083,1
2084,12
2085,8
2086,6
2087,12
2088,3
2089,4
2090,3
2091,4
2092,8
2093,2
2094,1
2095,1
2096,3
2097,1
2098,1
2099,8
2100,7
2101,1
2102,11
2103,10
2104,10
2105,5
2106,4
2107,6
2108,12
2109,11
2110,2
2111,4
2112,11
2113,1
2114,6
2115,10
2116,5
2117,1
2118,10
2119,6
2120,10
2121,11
2122,6
2123,6
2124,8
2125,9
2126,2
2127,4
2128,6
2129,4
2130,7
2131,2
2132,9
2133,2
2134,5
2135,11
2136,8
2137,6
2138,12
2139,3
2140,6
2141,8
2142,11
2143,8
2144,7
2145,6
2146,9
2147,8
2148,5
2149,10
2150,11
2151,7
2152,11
2153,12
2154,8
2155,11
2156,7
2157,10
2158,7
2159,10
2160,5
2161,7
2162,2
2163,10
2164,7
2165,3
2166,4
2167,1
2168,2
2169,11
2170,6
2171,1
2172,6
2173,3
2174,8
2175,4
2176,12
2177,9
2178,5
2179,10
2180,6
2181,9
2182,2
2183,3
2184,9
2185,8
2186,11
2187,6
2188,1
2189,1
2190,9
2191,6
2192,2
2193,5
2194,2
2195,4
2196,8
2197,4
2198,9
2199,8
2200,9
2201,2
2202,2
2203,9
2204,9
2205,12
2206,11
2207,10
2208,10
2209,4
2210,5
2211,10
2212,9
2213,4
2214,7
2215,11
2216,4
2217,6
2218,3
2219,6
2220,6
2221,2
2222,2
2223,3
2224,11
2225,2
2226,2
2227,11
2228,9
2229,11
2230,6
2231,5
2232,9
2233,7
2234,9
2235,2
2236,9
2237,1
2238,3
2239,6
2240,9
2241,9
2242,12
2243,10
2244,10
2245,10
2246,3
2247,1
2248,11
2249,1
2250,4
2251,10
2252,4
2253,4
2254,1
2255,1
2256,9
2257,12
2258,1
2259,5
2260,10
2261,8
2262,10
2263,8
2264,5
2265,9
2266,2
2267,11
2268,9
2269,11
2270,4
2271,11
2272,12
2273,5
2274,9
2275,1
2276,3
2277,8
2278,10
2279,3
2280,9
2281,10
2282,4
2283,5
2284,3
2285,4
2286,9
2287,3
2288,3
2289,12
2290,11
2291,1
2292,5
2293,11
2294,5
2295,8
2296,7
2297,7
2298,7
2299,4
2300,5
2301,4
2302,2
2303,10
2304,3
2305,4
2306,2
2307,9
2308,8
2309,6
2310,12
2311,9
2312,7
2313,8
2314,10
2315,12
2316,5
2317,4
2318,5
2319,10
2320,9
2321,6
2322,8
2323,9
2324,7
2325,3
2326,12
2327,4
2328,7
2329,10
2330,2
2331,4
2332,2
2333,6
2334,11
2335,7
2336,6
2337,3
2338,9
2339,7
2340,11
2341,1
2342,3
2343,9
2344,9
2345,10
2346,9
2347,10
2348,4
2349,2
2350,10
2351,2
2352,3
2353,8
2354,4
2355,5
2356,2
2357,9
2358,10
2359,7
2360,8
2361,11
2362,11
2363,3
2364,11
2365,10
2366,10
2367,11
2368,10
2369,4
2370,9
2371,6
2372,4
2373,4
2374,9
2375,6
2376,1
2377,10
2378,10
2379,5
2380,11
2381,9
2382,9
2383,11
2384,5
2385,9
2386,5
2387,12
2388,1
2389,5
2390,2
2391,1
2392,12
2393,11
2394,4
2395,10
2396,8
2397,9
2398,9
2399,2
2400,4
2401,11
2402,3
2403,2
2404,9
2405,9
2406,4
2407,8
2408,2
2409,9
2410,8
2411,6
2412,3
2413,3
2414,1
2415,9
2416,12
2417,8
2418,5
2419,11
2420,12
2421,5
2422,3
2423,1
2424,11
2425,4
2426,2
2427,11
2428,3
2429,9
2430,11
2431,8
2432,12
2433,3
2434,2
2435,6
2436,8
2437,8
2438,10
2439,8
2440,5
2441,9
2442,4
2443,4
2444,4
2445,8
2446,10
2447,8
2448,5
2449,8
2450,5
2451,1
2452,5
2453,4
2454,3
2455,3
2456,2
2457,6
2458,1
2459,9
2460,2
2461,11
2462,9
2463,12
2464,8
2465,3
2466,2
2467,7
2468,12
2469,7
2470,6
2471,8
2472,10
2473,10
2474,12
2475,12
2476,5
2477,8
2478,7
2479,10
2480,1
2481,9
2482,10
2483,7
2484,9
2485,4
2486,9
2487,6
2488,11
2489,3
2490,6
2491,10
2492,12
2493,12
2494,3
2495,3
2496,1
2497,3
2498,8
2499,1
2500,9
2501,9
2502,10
2503,8
2504,10
2505,2
2506,4
2507,5
2508,6
2509,11
2510,10
2511,3
2512,3
2513,5
2514,10
2515,8
2516,12
2517,5
2518,8
2519,10
2520,3
2521,11
2522,9
2523,12
2524,3
2525,4
2526,11
2527,8
2528,3
2529,10
2530,5
2531,4
2532,11
2533,7
2534,3
2535,11
2536,11
2537,4
2538,3
2539,9
2540,3
2541,12
2542,8
2543,1
2544,6
2545,3
2546,7
2547,8
2548,7
2549,8
2550,5
2551,1
2552,1
2553,9
2554,3
2555,12
2556,11
2557,11
2558,8
2559,11
2560,3
2561,6
2562,4
2563,5
2564,8
2565,9
2566,11
2567,8
2568,8
2569,9
2570,1
2571,3
2572,4
2573,1
2574,4
2575,7
2576,8
2577,8
2578,5
2579,2
2580,2
2581,8
2582,10
2583,12
2584,6
2585,11
2586,11
2587,9
2588,8
2589,9
2590,4
2591,12
2592,7
2593,3
2594,1
2595,3
2596,10
2597,4
2598,8
2599,6
2600,3
2601,3
2602,9
2603,7
2604,5
2605,8
2606,11
2607,9
2608,10
2609,6
2610,10
2611,8
2612,8
2613,10
2614,7
2615,8
2616,2
2617,3
2618,4
2619,5
2620,3
2621,9
2622,9
2623,2
2624,9
2625,9
2626,6
2627,9
2628,7
2629,1
2630,1
2631,3
2632,8
2633,9
2634,1
2635,12
2636,4
2637,8
2638,3
2639,7
2640,3
2641,7
2642,6
2643,8
2644,11
2645,2
2646,1
2647,11
2648,10
2649,3
2650,9
2651,4
2652,7
2653,2
2654,2
2655,8
2656,10
2657,10
2658,10
2659,9
2660,10
2661,7
2662,9
2663,5
2664,10
2665,3
2666,6
2667,3
2668,8
2669,8
2670,6
2671,1
2672,6
2673,9
2674,5
2675,11
2676,10
2677,1
2678,6
2679,5
2680,12
2681,11
2682,10
2683,2
2684,11
2685,5
2686,1
2687,8
2688,4
2689,8
2690,4
2691,9
2692,7
2693,1
2694,9
2695,9
2696,10
2697,11
2698,9
2699,9
2700,10
2701,11
2702,5
2703,4
2704,11
2705,6
2706,4
2707,1
2708,2
2709,7
2710,7
2711,2
2712,5
2713,10
2714,12
2715,2
2716,7
2717,9
2718,1
2719,6
2720,3
2721,5
2722,10
2723,4
2724,1
2725,2
2726,11
2727,11
2728,6
2729,11
2730,8
2731,10
2732,10
2733,10
2734,10
2735,2
2736,9
2737,1
2738,6
2739,9
2740,2
2741,5
2742,9
2743,3
2744,5
2745,7
2746,2
2747,9
2748,2
2749,6
2750,2
2751,11
2752,4
2753,12
2754,11
2755,7
2756,5
2757,4
2758,4
2759,11
2760,2
2761,9
2762,5
2763,4
2764,8
2765,8
2766,11
2767,9
2768,12
2769,1
2770,9
2771,8
2772,4
2773,6
2774,5
2775,6
2776,5
2777,5
2778,8
2779,11
2780,2
2781,4
2782,5
2783,12
2784,4
2785,12
2786,2
2787,5
2788,11
2789,5
2790,12
2791,6
2792,11
2793,11
2794,9
2795,3
2796,9
2797,4
2798,10
2799,7
2800,8
2801,12
2802,7
2803,2
2804,6
2805,9
2806,11
2807,10
2808,3
2809,3
2810,7
2811,11
2812,1
2813,4
2814,2
2815,3
2816,2
2817,7
2818,1
2819,11
2820,1
2821,7
2822,1
2823,2
2824,9
2825,9
2826,2
2827,11
2828,2
2829,5
2830,1
2831,4
2832,11
2833,11
2834,1
2835,9
2836,1
2837,2
2838,6
2839,9
2840,3
2841,10
2842,12
2843,10
2844,3
2845,2
2846,10
2847,5
2848,11
2849,1
2850,5
2851,6
2852,11
2853,6
2854,1
2855,1
2856,11
2857,3
2858,3
2859,3
2860,9
2861,11
2862,3
2863,3
2864,1
2865,2
2866,12
2867,6
2868,11
2869,3
2870,2
2871,11
2872,11
2873,3
2874,11
2875,4
2876,10
2877,4
2878,12
2879,7
2880,5
2881,1
2882,3
2883,10
2884,3
2885,2
2886,10
2887,9
2888,6
2889,2
2890,8
2891,7
2892,7
2893,5
2894,12
2895,11
2896,4
2897,10
2898,5
2899,12
2900,1
2901,12
2902,11
2903,4
2904,2
2905,11
2906,12
2907,9
2908,2
2909,10
2910,8
2911,9
2912,11
2913,4
2914,1
2915,8
2916,8
2917,6
2918,10
2919,12
2920,11
2921,3
2922,1
2923,1
2924,7
2925,11
2926,6
2927,6
2928,9
2929,7
2930,3
2931,3
2932,11
2933,3
2934,6
2935,7
2936,12
2937,6
2938,11
2939,6
2940,4
2941,8
2942,6
2943,8
2944,6
2945,4
2946,3
2947,5
2948,5
2949,5
2950,8
2951,11
2952,5
2953,10
2954,5
2955,2
2956,6
2957,4
2958,4
2959,10
2960,3
2961,7
2962,10
2963,5
2964,5
2965,8
2966,7
2967,5
2968,4
2969,8
2970,5
2971,7
2972,3
2973,1
2974,3
2975,6
2976,11
2977,3
2978,7
2979,5
2980,2
2981,8
2982,5
2983,10
2984,11
2985,1
2986,3
2987,5
2988,6
2989,10
2990,6
2991,12
2992,5
2993,9
2994,2
2995,5
2996,3
2997,3
2998,11
2999,4
3000,4
3001,7
3002,8
3003,12
3004,10
3005,11
3006,1
3007,7
3008,4
3009,9
3010,7
3011,3
3012,2
3013,7
3014,8
3015,2
3016,12
3017,7
3018,4
3019,6
3020,8
3021,6
3022,10
3023,7
3024,10
3025,12
3026,5
3027,4
3028,4
3029,11
3030,9
3031,1
3032,6
3033,7
3034,9
3035,6
3036,4
3037,11
3038,7
3039,11
3040,1
3041,9
3042,8
3043,6
3044,9
3045,6
3046,10
3047,3
3048,12
3049,3
3050,2
3051,1
3052,10
3053,12
3054,1
3055,2
3056,1
3057,4
3058,6
3059,4
3060,7
3061,2
3062,1
3063,3
3064,8
3065,12
3066,8
3067,10
3068,8
3069,10
3070,12
3071,5
3072,5
3073,8
3074,12
3075,9
3076,1
3077,5
3078,2
3079,3
3080,1
3081,12
3082,3
3083,2
3084,8
3085,1
3086,8
3087,11
3088,7
3089,10
3090,11
3091,1
3092,12
3093,10
3094,9
3095,3
3096,8
3097,3
3098,9
3099,5
3100,8
3101,11
3102,9
3103,4
3104,12
3105,4
3106,4
3107,10
3108,2
3109,2
3110,10
3111,8
3112,10
3113,2
3114,9
3115,4
3116,10
3117,10
3118,3
3119,6
3120,8
3121,3
3122,6
3123,6
3124,5
3125,11
3126,10
3127,9
3128,12
3129,12
3130,8
3131,3
3132,11
3133,1
3134,10
3135,7
3136,3
3137,11
3138,12
3139,4
3140,5
3141,2
3142,6
3143,4
3144,11
3145,8
3146,9
3147,8
3148,10
3149,4
3150,5
3151,3
3152,10
3153,11
3154,1
3155,9
3156,12
3157,10
3158,9
3159,6
3160,9
3161,9
3162,11
3163,11
3164,4
3165,8
3166,1
3167,11
3168,3
3169,1
3170,4
3171,4
3172,12
3173,11
3174,4
3175,6
3176,5
3177,11
3178,7
3179,7
3180,5
3181,11
3182,10
3183,2
3184,9
3185,7
3186,7
3187,1
3188,10
3189,6
3190,12
3191,4
3192,10
3193,8
3194,5
3195,7
3196,7
3197,4
3198,5
3199,8
3200,11
3201,8
3202,12
3203,7
3204,9
3205,1
3206,1
3207,3
3208,9
3209,11
3210,5
3211,1
3212,8
3213,9
3214,3
3215,5
3216,12
3217,3
3218,5
3219,6
3220,2
3221,3
3222,2
3223,1
3224,12
3225,3
3226,8
3227,7
3228,5
3229,2
3230,10
3231,2
3232,3
3233,4
3234,1
3235,3
3236,8
3237,1
3238,6
3239,11
3240,2
3241,7
3242,9
3243,12
3244,10
3245,5
3246,7
3247,9
3248,11
3249,9
3250,6
3251,6
3252,7
3253,11
3254,3
3255,4
3256,7
3257,10
3258,3
3259,12
3260,6
3261,9
3262,8
3263,12
3264,5
3265,12
3266,10
3267,9
3268,4
3269,4
3270,6
3271,12
3272,6
3273,3
3274,3
3275,5
3276,2
3277,3
3278,5
3279,1
3280,3
3281,8
3282,1
3283,4
3284,2
3285,11
3286,7
3287,4
3288,8
3289,8
3290,11
3291,8
3292,3
3293,11
3294,4
3295,5
3296,8
3297,3
3298,10
3299,11
3300,1
3301,2
3302,8
3303,11
3304,7
3305,2
3306,10
3307,12
3308,12
3309,7
3310,11
3311,2
3312,2
3313,10
3314,9
3315,6
3316,10
3317,3
3318,5
3319,3
3320,3
3321,5
3322,11
3323,1
3324,12
3325,6
3326,3
3327,4
3328,4
3329,7
3330,7
3331,5
3332,2
3333,8
3334,2
3335,2
3336,7
3337,5
3338,6
3339,5
3340,2
3341,12
3342,1
3343,2
3344,10
3345,4
3346,8
3347,11
3348,5
3349,7
3350,7
3351,8
3352,11
3353,11
3354,5
3355,5
3356,9
3357,4
3358,5
3359,5
3360,11
3361,5
3362,12
3363,9
3364,1
3365,6
3366,7
3367,5
3368,1
3369,11
3370,9
3371,9
3372,8
3373,1
3374,7
3375,9
3376,5
3377,6
3378,11
3379,11
3380,6
3381,5
3382,1
3383,7
3384,1
3385,12
3386,3
3387,8
3388,6
3389,9
3390,1
3391,6
3392,11
3393,6
3394,6
3395,5
3396,3
3397,10
3398,7
3399,6
3400,10
3401,4
3402,1
3403,9
3404,3
3405,4
3406,3
3407,6
3408,8
3409,5
3410,1
3411,8
3412,2
3413,12
3414,3
3415,9
3416,2
3417,8
3418,9
3419,4
3420,6
3421,7
3422,7
3423,7
3424,2
3425,6
3426,1
3427,4
3428,7
3429,11
3430,3
3431,6
3432,2
3433,11
3434,10
3435,10
3436,2
3437,2
3438,8
3439,4
3440,1
3441,1
3442,9
3443,8
3444,3
3445,1
3446,10
3447,12
3448,6
3449,9
3450,4
3451,10
3452,10
3453,2
3454,10
3455,1
3456,1
3457,1
3458,2
3459,5
3460,4
3461,6
3462,1
3463,11
3464,4
3465,7
3466,4
3467,9
3468,3
3469,9
3470,3
3471,5
3472,1
3473,7
3474,5
3475,1
3476,7
3477,2
3478,10
3479,6
3480,10
3481,7
3482,1
3483,6
3484,6
3485,6
3486,5
3487,3
3488,8
3489,6
3490,10
3491,3
3492,8
3493,10
3494,12
3495,8
3496,3
3497,12
3498,4
3499,3
3500,1
3501,7
3502,9
3503,10
3504,8
3505,11
3506,10
3507,6
3508,4
3509,11
3510,3
3511,2
3512,7
3513,3
3514,8
3515,1
3516,2
3517,3
3518,10
3519,6
3520,6
3521,10
3522,5
3523,4
3524,4
3525,12
3526,10
3527,9
3528,3
3529,1
3530,6
3531,11
3532,9
3533,8
3534,6
3535,2
3536,3
3537,10
3538,5
3539,9
3540,4
3541,1
3542,6
3543,2
3544,3
3545,11
3546,5
3547,8
3548,7
3549,2
3550,11
3551,1
3552,11
3553,2
3554,11
3555,10
3556,4
3557,4
3558,3
3559,9
3560,5
3561,12
3562,10
3563,12
3564,1
3565,4
3566,9
3567,10
3568,11
3569,1
3570,7
3571,2
3572,11
3573,3
3574,4
3575,2
3576,9
3577,9
3578,8
3579,7
3580,6
3581,1
3582,3
3583,3
3584,6
3585,6
3586,8
3587,5
3588,5
3589,4
3590,3
3591,3
3592,8
3593,10
3594,9
3595,1
3596,8
3597,8
3598,5
3599,4
3600,4
3601,9
3602,1
3603,10
3604,1
3605,12
3606,8
3607,11
3608,3
3609,3
3610,3
3611,6
3612,8
3613,4
3614,11
3615,1
3616,11
3617,9
3618,1
3619,11
3620,8
3621,8
3622,3
3623,10
3624,9
3625,10
3626,9
3627,4
3628,3
3629,1
3630,9
3631,3
3632,11
3633,3
3634,3
3635,5
3636,9
3637,3
3638,10
3639,10
3640,4
3641,1
3642,5
3643,6
3644,4
3645,10
3646,6
3647,5
3648,8
3649,7
3650,7
3651,11
3652,6
3653,10
3654,7
3655,3
3656,11
3657,4
3658,6
3659,2
3660,8
3661,8
3662,5
3663,5
3664,10
3665,11
3666,6
3667,10
3668,9
3669,5
3670,1
3671,8
3672,10
3673,8
3674,5
3675,9
3676,10
3677,1
3678,2
3679,8
3680,6
3681,5
3682,7
3683,3
3684,8
3685,10
3686,11
3687,7
3688,11
3689,6
3690,12
3691,4
3692,3
3693,5
3694,8
3695,3
3696,10
3697,5
3698,10
3699,11
3700,6
3701,3
3702,11
3703,2
3704,6
3705,3
3706,8
3707,4
3708,8
3709,8
3710,1
3711,12
3712,8
3713,1
3714,11
3715,7
3716,1
3717,5
3718,12
3719,6
3720,12
3721,10
3722,10
3723,1
3724,3
3725,10
3726,3
3727,4
3728,10
3729,3
3730,1
3731,7
3732,3
3733,10
3734,5
3735,5
3736,9
3737,12
3738,3
3739,8
3740,10
3741,9
3742,12
3743,11
3744,11
3745,8
3746,8
3747,3
3748,4
3749,9
3750,9
3751,2
3752,6
3753,8
3754,12
3755,5
3756,8
3757,7
3758,8
3759,6
3760,10
3761,3
3762,12
3763,1
3764,12
3765,2
3766,1
3767,3
3768,4
3769,2
3770,8
3771,2
3772,4
3773,7
3774,5
3775,12
3776,10
3777,1
3778,10
3779,6
3780,6
3781,7
3782,12
3783,10
3784,6
3785,3
3786,3
3787,5
3788,10
3789,7
3790,6
3791,7
3792,1
3793,8
3794,2
3795,7
3796,6
3797,5
3798,7
3799,2
3800,4
3801,5
3802,11
3803,2
3804,10
3805,6
3806,4
3807,6
3808,5
3809,10
3810,10
3811,6
3812,1
3813,3
3814,11
3815,7
3816,3
3817,1
3818,8
3819,11
3820,1
3821,7
3822,4
3823,3
3824,3
3825,1
3826,9
3827,10
3828,4
3829,8
3830,4
3831,12
3832,5
3833,2
3834,5
3835,1
3836,6
3837,4
3838,12
3839,11
3840,3
3841,10
3842,11
3843,1
3844,2
3845,8
3846,3
3847,12
3848,11
3849,5
3850,6
3851,9
3852,4
3853,6
3854,7
3855,10
3856,4
3857,4
3858,3
3859,6
3860,11
3861,8
3862,8
3863,11
3864,6
3865,5
3866,9
3867,3
3868,1
3869,3
3870,4
3871,11
3872,2
3873,7
3874,8
3875,12
3876,11
3877,9
3878,12
3879,11
3880,1
3881,6
3882,1
3883,12
3884,1
3885,11
3886,9
3887,12
3888,6
3889,4
3890,4
3891,9
3892,8
3893,2
3894,11
3895,6
3896,12
3897,7
3898,9
3899,10
3900,12
3901,6
3902,8
3903,10
3904,7
3905,6
3906,10
3907,6
3908,9
3909,1
3910,7
3911,10
3912,3
3913,11
3914,12
3915,1
3916,9
3917,11
3918,5
3919,9
3920,11
3921,12
3922,10
3923,4
3924,12
3925,12
3926,7
3927,12
3928,2
3929,11
3930,10
3931,2
3932,8
3933,3
3934,7
3935,11
3936,5
3937,10
3938,2
3939,7
3940,2
3941,12
3942,11
3943,2
3944,6
3945,11
3946,10
3947,9
3948,10
3949,3
3950,9
3951,5
3952,10
3953,2
3954,2
3955,2
3956,3
3957,2
3958,11
3959,2
3960,4
3961,7
3962,5
3963,8
3964,8
3965,8
3966,9
3967,2
3968,1
3969,10
3970,9
3971,6
3972,11
3973,4
3974,11
3975,9
3976,1
3977,10
3978,4
3979,7
3980,8
3981,7
3982,11
3983,12
3984,11
3985,6
3986,5
3987,6
3988,6
3989,4
3990,6
3991,12
3992,1
3993,9
3994,9
3995,6
3996,8
3997,6
3998,9
3999,8
4000,8
4001,2
4002,6
4003,11
4004,6
4005,8
4006,3
4007,1
4008,2
4009,3
4010,7
4011,12
4012,12
4013,2
4014,11
4015,4
4016,1
4017,4
4018,8
4019,5
4020,5
4021,3
4022,9
4023,6
4024,5
4025,4
4026,2
4027,1
4028,2
4029,3
4030,9
4031,6
4032,8
4033,12
4034,7
4035,2
4036,2
4037,3
4038,6
4039,3
4040,8
4041,5
4042,10
4043,5
4044,1
4045,4
4046,6
4047,7
4048,10
4049,12
4050,11
4051,8
4052,12
4053,7
4054,12
4055,9
4056,10
4057,3
4058,9
4059,9
4060,12
4061,12
4062,7
4063,3
4064,5
4065,8
4066,11
4067,2
4068,10
4069,9
4070,4
4071,5
4072,3
4073,9
4074,1
4075,1
4076,2
4077,3
4078,1
4079,11
4080,9
4081,1
4082,10
4083,2
4084,8
4085,11
4086,9
4087,4
4088,5
4089,1
4090,5
4091,7
4092,3
4093,8
4094,1
4095,10
4096,4
4097,8
4098,3
4099,7
4100,5
4101,5
4102,12
4103,9
4104,8
4105,11
4106,10
4107,2
4108,1
4109,5
4110,6
4111,6
4112,9
4113,3
4114,10
4115,4
4116,2
4117,2
4118,10
4119,1
4120,6
4121,1
4122,12
4123,1
4124,11
4125,4
4126,10
4127,10
4128,6
4129,9
4130,5
4131,8
4132,8
4133,2
4134,7
4135,1
4136,7
4137,3
4138,11
4139,10
4140,1
4141,10
4142,8
4143,1
4144,2
4145,1
4146,2
4147,3
4148,2
4149,5
4150,4
4151,1
4152,7
4153,6
4154,8
4155,3
4156,10
4157,5
4158,2
4159,3
4160,2
4161,4
4162,4
4163,10
4164,9
4165,10
4166,5
4167,7
4168,1
4169,3
4170,3
4171,9
4172,9
4173,3
4174,12
4175,6
4176,6
4177,8
4178,10
4179,2
4180,9
4181,5
4182,5
4183,2
4184,6
4185,8
4186,10
4187,3
4188,4
4189,5
4190,11
4191,5
4192,8
4193,3
4194,2
4195,7
4196,2
4197,3
4198,8
4199,4
4200,7
4201,8
4202,5
4203,7
4204,4
4205,4
4206,11
4207,4
4208,8
4209,12
4210,8
4211,6
4212,5
4213,11
4214,4
4215,1
4216,2
4217,2
4218,11
4219,8
4220,3
4221,9
4222,5
4223,10
4224,1
4225,3
4226,3
4227,8
4228,1
4229,2
4230,8
4231,1
4232,8
4233,1
4234,6
4235,5
4236,2
4237,10
4238,6
4239,3
4240,7
4241,10
4242,4
4243,7
4244,6
4245,4
4246,1
4247,3
4248,6
4249,9
4250,2
4251,7
4252,4
4253,4
4254,2
4255,1
4256,6
4257,9
4258,10
4259,4
4260,12
4261,6
4262,9
4263,12
4264,7
4265,2
4266,6
4267,4
4268,5
4269,3
4270,2
4271,1
4272,6
4273,9
4274,11
4275,3
4276,4
4277,6
4278,10
4279,9
4280,10
4281,4
4282,3
4283,10
4284,8
4285,7
4286,8
4287,9
4288,9
4289,4
4290,12
4291,1
4292,2
4293,4
4294,1
4295,4
4296,12
4297,1
4298,4
4299,7
4300,2
4301,12
4302,1
4303,12
4304,6
4305,5
4306,8
4307,6
4308,3
4309,9
4310,2
4311,9
4312,7
4313,2
4314,7
4315,3
4316,1
4317,8
4318,7
4319,1
4320,9
4321,5
4322,6
4323,10
4324,5
4325,10
4326,5
4327,10
4328,1
4329,7
4330,1
4331,3
4332,2
4333,3
4334,12
4335,6
4336,5
4337,10
4338,10
4339,5
4340,10
4341,5
4342,9
4343,12
4344,9
4345,4
4346,7
4347,10
4348,10
4349,2
4350,9
4351,5
4352,4
4353,7
4354,2
4355,10
4356,12
4357,5
4358,6
4359,10
4360,3
4361,7
4362,1
4363,7
4364,6
4365,3
4366,10
4367,6
4368,11
4369,12
4370,12
4371,5
4372,10
4373,4
4374,10
4375,10
4376,4
4377,8
4378,4
4379,12
4380,12
4381,11
4382,2
4383,10
4384,6
4385,3
4386,5
4387,2
4388,5
4389,8
4390,8
4391,3
4392,5
4393,3
4394,1
4395,9
4396,4
4397,11
4398,1
4399,8
4400,2
4401,1
4402,1
4403,10
4404,10
4405,2
4406,3
4407,9
4408,8
4409,12
4410,12
4411,7
4412,4
4413,9
4414,6
4415,10
4416,4
4417,1
4418,1
4419,8
4420,8
4421,7
4422,8
4423,7
4424,2
4425,3
4426,8
4427,9
4428,7
4429,8
4430,8
4431,1
4432,2
4433,4
4434,5
4435,11
4436,10
4437,11
4438,5
4439,11
4440,9
4441,1
4442,4
4443,4
4444,10
4445,9
4446,3
4447,5
4448,2
4449,9
4450,4
4451,3
4452,4
4453,1
4454,1
4455,10
4456,1
4457,2
4458,2
4459,3
4460,8
4461,1
4462,9
4463,2
4464,1
4465,9
4466,2
4467,9
4468,8
4469,7
4470,9
4471,5
4472,10
4473,5
4474,3
4475,9
4476,5
4477,11
4478,10
4479,7
4480,1
4481,4
4482,7
4483,4
4484,7
4485,5
4486,2
4487,2
4488,3
4489,8
4490,11
4491,6
4492,7
4493,10
4494,6
4495,11
4496,4
4497,11
4498,4
4499,12
4500,12
4501,11
4502,2
4503,9
4504,12
4505,4
4506,2
4507,3
4508,11
4509,12
4510,8
4511,12
4512,1
4513,2
4514,10
4515,2
4516,1
4517,12
4518,9
4519,5
4520,7
4521,10
4522,8
4523,6
4524,8
4525,2
4526,7
4527,9
4528,9
4529,8
4530,9
4531,8
4532,1
4533,10
4534,4
4535,9
4536,4
4537,8
4538,12
4539,10
4540,9
4541,12
4542,5
4543,2
4544,12
4545,12
4546,5
4547,3
4548,7
4549,10
4550,4
4551,3
4552,4
4553,1
4554,5
4555,7
4556,7
4557,11
4558,1
4559,5
4560,6
4561,9
4562,8
4563,5
4564,3
4565,9
4566,8
4567,5
4568,2
4569,9
4570,7
4571,2
4572,7
4573,5
4574,9
4575,6
4576,5
4577,8
4578,10
4579,8
4580,3
4581,8
4582,10
4583,7
4584,8
4585,8
4586,8
4587,3
4588,12
4589,6
4590,7
4591,12
4592,4
4593,10
4594,8
4595,5
4596,12
4597,3
4598,9
4599,5
4600,2
4601,10
4602,3
4603,12
4604,8
4605,9
4606,6
4607,7
4608,2
4609,11
4610,8
4611,2
4612,6
4613,6
4614,11
4615,11
4616,11
4617,5
4618,7
4619,4
4620,8
4621,1
4622,2
4623,10
4624,6
4625,3
4626,8
4627,4
4628,4
4629,6
4630,12
4631,7
4632,6
4633,2
4634,10
4635,1
4636,9
4637,4
4638,9
4639,3
4640,9
4641,2
4642,2
4643,1
4644,9
4645,8
4646,8
4647,5
4648,4
4649,3
4650,10
4651,1
4652,9
4653,9
4654,8
4655,9
4656,8
4657,6
4658,1
4659,11
4660,5
4661,3
4662,9
4663,11
4664,7
4665,11
4666,11
4667,12
4668,8
4669,5
4670,5
4671,3
4672,3
4673,5
4674,6
4675,11
4676,3
4677,8
4678,2
4679,11
4680,8
4681,10
4682,9
4683,8
4684,11
4685,5
4686,3
4687,4
4688,6
4689,3
4690,8
4691,3
4692,5
4693,9
4694,10
4695,4
4696,5
4697,5
4698,6
4699,1
4700,3
4701,1
4702,5
4703,9
4704,3
4705,10
4706,10
4707,3
4708,7
4709,5
4710,5
4711,4
4712,10
4713,2
4714,8
4715,11
4716,10
4717,4
4718,4
4719,7
4720,8
4721,10
4722,4
4723,5
4724,8
4725,11
4726,12
4727,2
4728,4
4729,9
4730,3
4731,1
4732,8
4733,9
4734,8
4735,10
4736,12
4737,7
4738,2
4739,4
4740,2
4741,4
4742,4
4743,9
4744,3
4745,7
4746,9
4747,12
4748,4
4749,10
4750,7
4751,9
4752,9
4753,5
4754,3
4755,3
4756,4
4757,9
4758,2
4759,3
4760,10
4761,4
4762,1
4763,12
4764,8
4765,7
4766,1
4767,6
4768,2
4769,6
4770,2
4771,11
4772,5
4773,12
4774,1
4775,2
4776,8
4777,3
4778,2
4779,5
4780,5
4781,5
4782,11
4783,4
4784,9
4785,2
4786,1
4787,5
4788,6
4789,10
4790,1
4791,11
4792,7
4793,4
4794,2
4795,8
4796,8
4797,7
4798,8
4799,10
4800,4
4801,7
4802,11
4803,2
4804,2
4805,3
4806,11
4807,6
4808,10
4809,8
4810,4
4811,11
4812,9
4813,10
4814,11
4815,6
4816,4
4817,1
4818,6
4819,6
4820,11
4821,9
4822,10
4823,1
4824,10
4825,2
4826,2
4827,11
4828,7
4829,3
4830,11
4831,12
4832,3
4833,10
4834,4
4835,3
4836,4
4837,7
4838,7
4839,1
4840,9
4841,9
4842,6
4843,4
4844,2
4845,2
4846,10
4847,8
4848,5
4849,7
4850,5
4851,4
4852,12
4853,3
4854,10
4855,8
4856,7
4857,10
4858,3
4859,3
4860,10
4861,3
4862,4
4863,3
4864,2
4865,7
4866,10
4867,7
4868,7
4869,5
4870,2
4871,9
4872,3
4873,1
4874,10
4875,8
4876,1
4877,3
4878,4
4879,9
4880,3
4881,9
4882,5
4883,9
4884,5
4885,11
4886,1
4887,5
4888,8
4889,7
4890,12
4891,2
4892,5
4893,5
4894,5
4895,8
4896,3
4897,6
4898,8
4899,6
4900,2
4901,8
4902,10
4903,8
4904,9
4905,6
4906,4
4907,11
4908,11
4909,4
4910,2
4911,5
4912,7
4913,7
4914,11
4915,6
4916,3
4917,7
4918,8
4919,8
4920,12
4921,9
4922,8
4923,4
4924,4
4925,4
4926,8
4927,3
4928,12
4929,7
4930,2
4931,8
4932,1
4933,11
4934,12
4935,10
4936,7
4937,10
4938,8
4939,6
4940,7
4941,11
4942,11
4943,2
4944,1
4945,9
4946,7
4947,5
4948,4
4949,2
4950,6
4951,7
4952,11
4953,3
4954,6
4955,1
4956,11
4957,3
4958,6
4959,4
4960,10
4961,3
4962,11
4963,9
4964,3
4965,4
4966,3
4967,1
4968,6
4969,3
4970,4
4971,7
4972,2
4973,9
4974,8
4975,6
4976,4
4977,5
4978,8
4979,11
4980,2
4981,8
4982,8
4983,10
4984,6
4985,2
4986,11
4987,11
4988,10
4989,4
4990,8
4991,5
4992,4
4993,5
4994,4
4995,1
4996,6
4997,8
4998,11
4999,4
5000,6
5001,9
5002,12
5003,6
5004,2
5005,2
5006,1
5007,7
5008,10
5009,10
5010,5
5011,9
5012,7
5013,1
5014,3
5015,1
5016,9
5017,2
5018,11
5019,8
5020,2
5021,1
5022,6
5023,8
5024,7
5025,11
5026,2
5027,7
5028,4
5029,6
5030,8
5031,1
5032,10
5033,7
5034,9
5035,10
5036,9
5037,9
5038,9
5039,7
5040,8
5041,8
5042,4
5043,3
5044,5
5045,4
5046,7
5047,2
5048,9
5049,12
5050,8
5051,11
5052,2
5053,2
5054,8
5055,12
5056,6
5057,6
5058,2
5059,7
5060,10
5061,9
5062,4
5063,11
5064,10
5065,8
5066,2
5067,5
5068,4
5069,2
5070,9
5071,2
5072,8
5073,11
5074,2
5075,4
5076,7
5077,7
5078,11
5079,12
5080,6
5081,6
5082,12
5083,7
5084,10
5085,11
5086,12
5087,3
5088,11
5089,2
5090,9
5091,5
5092,10
5093,6
5094,3
5095,1
5096,3
5097,2
5098,3
5099,5
5100,9
5101,6
5102,4
5103,4
5104,11
5105,6
5106,10
5107,3
5108,11
5109,10
5110,10
5111,3
5112,7
5113,9
5114,4
5115,9
5116,10
5117,5
5118,10
5119,11
5120,10
5121,11
5122,3
5123,8
5124,1
5125,1
5126,4
5127,4
5128,8
5129,12
5130,3
5131,9
5132,2
5133,4
5134,7
5135,12
5136,9
5137,5
5138,5
5139,10
5140,3
5141,4
5142,10
5143,11
5144,7
5145,3
5146,5
5147,2
5148,6
5149,12
5150,3
5151,7
5152,2
5153,9
5154,2
5155,1
5156,3
5157,11
5158,5
5159,8
5160,3
5161,5
5162,7
5163,5
5164,8
5165,3
5166,3
5167,5
5168,5
5169,1
5170,7
5171,4
5172,10
5173,10
5174,8
5175,1
5176,12
5177,2
5178,1
5179,12
5180,8
5181,5
5182,9
5183,9
5184,10
5185,5
5186,2
5187,5
5188,6
5189,12
5190,7
5191,12
5192,8
5193,11
5194,9
5195,7
5196,1
5197,10
5198,1
5199,11
5200,8
5201,8
5202,3
5203,11
5204,12
5205,1
5206,3
5207,9
5208,1
5209,11
5210,5
5211,11
5212,11
5213,7
5214,5
5215,9
5216,6
5217,9
5218,7
5219,11
5220,3
5221,3
5222,1
5223,7
5224,8
5225,6
5226,8
5227,3
5228,2
5229,1
5230,9
5231,1
5232,4
5233,3
5234,7
5235,1
5236,10
5237,8
5238,10
5239,9
5240,7
5241,2
5242,12
5243,12
5244,8
5245,1
5246,10
5247,4
5248,5
5249,9
5250,1
5251,11
5252,8
5253,11
5254,10
5255,2
5256,6
5257,1
5258,5
5259,4
5260,12
5261,9
5262,5
5263,8
5264,3
5265,1
5266,10
5267,6
5268,1
5269,1
5270,11
5271,1
5272,12
5273,4
5274,12
5275,9
5276,6
5277,9
5278,8
5279,7
5280,10
5281,7
5282,9
5283,4
5284,12
5285,10
5286,2
5287,1
5288,3
5289,4
5290,8
5291,9
5292,10
5293,11
5294,5
5295,2
5296,8
5297,9
5298,6
5299,3
5300,6
5301,6
5302,11
5303,5
5304,11
5305,8
5306,3
5307,5
5308,6
5309,5
5310,6
5311,8
5312,8
5313,12
5314,2
5315,10
5316,3
5317,9
5318,3
5319,4
5320,4
5321,1
5322,12
5323,10
5324,12
5325,6
5326,12
5327,9
5328,10
5329,11
5330,5
5331,12
5332,12
5333,5
5334,10
5335,3
5336,2
5337,10
5338,9
5339,8
5340,6
5341,3
5342,4
5343,6
5344,6
5345,7
5346,8
5347,2
5348,10
5349,6
5350,7
5351,6
5352,8
5353,8
5354,9
5355,12
5356,11
5357,3
5358,12
5359,1
5360,1
5361,6
5362,10
5363,3
5364,12
5365,4
5366,10
5367,10
5368,10
5369,9
5370,6
5371,2
5372,5
5373,10
5374,8
5375,10
5376,9
5377,10
5378,3
5379,12
5380,9
5381,4
5382,5
5383,7
5384,11
5385,4
5386,6
5387,3
5388,2
5389,10
5390,3
5391,9
5392,12
5393,9
5394,2
5395,3
5396,10
5397,12
5398,12
5399,10
5400,7
5401,5
5402,3
5403,11
5404,8
5405,8
5406,10
5407,5
5408,10
5409,8
5410,5
5411,1
5412,2
5413,12
5414,4
5415,4
5416,10
5417,5
5418,3
5419,5
5420,3
5421,2
5422,5
5423,10
5424,5
5425,4
5426,4
5427,3
5428,5
5429,5
5430,7
5431,2
5432,6
5433,5
5434,4
5435,11
5436,4
5437,8
5438,1
5439,7
5440,3
5441,1
5442,3
5443,8
5444,7
5445,11
5446,9
5447,1
5448,2
5449,5
5450,10
5451,7
5452,7
5453,11
5454,2
5455,8
5456,6
5457,8
5458,9
5459,11
5460,4
5461,5
5462,6
5463,7
5464,9
5465,12
5466,6
5467,2
5468,10
5469,3
5470,10
5471,12
5472,2
5473,1
5474,11
5475,3
5476,3
5477,5
5478,4
5479,8
5480,5
5481,6
5482,2
5483,6
5484,10
5485,9
5486,10
5487,6
5488,4
5489,9
5490,7
5491,8
5492,11
5493,9
5494,4
5495,8
5496,7
5497,1
5498,2
5499,11
5500,1
5501,4
5502,8
5503,1
5504,3
5505,9
5506,4
5507,10
5508,12
5509,5
5510,11
5511,9
5512,4
5513,4
5514,10
5515,9
5516,10
5517,6
5518,2
5519,2
5520,3
5521,7
5522,1
5523,4
5524,1
5525,3
5526,10
5527,12
5528,9
5529,7
5530,3
5531,5
5532,8
5533,12
5534,9
5535,2
5536,10
5537,4
5538,1
5539,5
5540,8
5541,3
5542,6
5543,5
5544,9
5545,9
5546,7
5547,2
5548,9
5549,1
5550,1
5551,6
5552,11
5553,12
5554,11
5555,11
5556,1
5557,6
5558,6
5559,3
5560,11
5561,4
5562,4
5563,1
5564,3
5565,11
5566,2
5567,1
5568,4
5569,8
5570,7
5571,7
5572,5
5573,3
5574,4
5575,1
5576,8
5577,4
5578,7
5579,4
5580,12
5581,9
5582,5
5583,4
5584,9
5585,1
5586,4
5587,3
5588,3
5589,4
5590,7
5591,12
5592,1
5593,3
5594,1
5595,4
5596,4
5597,1
5598,11
5599,5
5600,12
5601,6
5602,2
5603,9
5604,10
5605,11
5606,1
5607,10
5608,4
5609,11
5610,7
5611,1
5612,10
5613,6
5614,3
5615,1
5616,4
5617,12
5618,3
5619,3
5620,5
5621,12
5622,10
5623,7
5624,3
5625,10
5626,6
5627,7
5628,12
5629,10
5630,11
5631,10
5632,8
5633,12
5634,8
5635,9
5636,4
5637,3
5638,1
5639,10
5640,1
5641,5
5642,11
5643,7
5644,7
5645,11
5646,10
5647,8
5648,7
5649,3
5650,4
5651,3
5652,11
5653,7
5654,7
5655,2
5656,1
5657,6
5658,10
5659,8
5660,12
5661,4
5662,10
5663,3
5664,7
5665,6
5666,11
5667,1
5668,3
5669,12
5670,10
5671,7
5672,8
5673,9
5674,7
5675,3
5676,5
5677,5
5678,11
5679,9
5680,6
5681,6
5682,2
5683,12
5684,3
5685,2
5686,12
5687,11
5688,10
5689,10
5690,3
5691,1
5692,12
5693,2
5694,7
5695,9
5696,2
5697,3
5698,4
5699,6
5700,12
5701,8
5702,1
5703,10
5704,8
5705,3
5706,9
5707,6
5708,12
5709,12
5710,11
5711,8
5712,6
5713,11
5714,7
5715,10
5716,4
5717,8
5718,7
5719,5
5720,10
5721,2
5722,6
5723,10
5724,9
5725,3
5726,9
5727,10
5728,12
5729,12
5730,5
5731,1
5732,8
5733,3
5734,4
5735,5
5736,5
5737,3
5738,5
5739,7
5740,5
5741,2
5742,7
5743,6
5744,7
5745,9
5746,12
5747,6
5748,7
5749,7
5750,2
5751,9
5752,7
5753,2
5754,8
5755,3
5756,5
5757,5
5758,9
5759,5
5760,10
5761,1
5762,1
5763,5
5764,2
5765,10
5766,5
5767,1
5768,10
5769,8
5770,10
5771,2
5772,10
5773,6
5774,4
5775,2
5776,6
5777,7
5778,6
5779,12
5780,2
5781,10
5782,10
5783,12
5784,5
5785,10
5786,4
5787,4
5788,9
5789,9
5790,11
5791,2
5792,11
5793,11
5794,6
5795,4
5796,11
5797,1
5798,6
5799,5
5800,12
5801,3
5802,5
5803,11
5804,5
5805,1
5806,5
5807,2
5808,10
5809,5
5810,10
5811,10
5812,10
5813,11
5814,3
5815,12
5816,11
5817,12
5818,2
5819,12
5820,12
5821,4
5822,1
5823,1
5824,7
5825,1
5826,12
5827,11
5828,8
5829,12
5830,4
5831,2
5832,8
5833,3
5834,3
5835,5
5836,5
5837,9
5838,12
5839,1
5840,2
5841,2
5842,3
5843,8
5844,12
5845,9
5846,5
5847,5
5848,11
5849,5
5850,11
5851,6
5852,4
5853,4
5854,5
5855,8
5856,8
5857,5
5858,11
5859,5
5860,6
5861,6
5862,4
5863,2
5864,5
5865,6
5866,4
5867,3
5868,9
5869,10
5870,10
5871,6
5872,2
5873,7
5874,8
5875,11
5876,6
5877,4
5878,7
5879,9
5880,4
5881,12
5882,4
5883,11
5884,4
5885,4
5886,1
5887,3
5888,10
5889,12
5890,2
5891,2
5892,5
5893,2
5894,10
5895,8
5896,4
5897,8
5898,9
5899,3
5900,5
5901,4
5902,12
5903,8
5904,4
5905,3
5906,1
5907,9
5908,9
5909,10
5910,9
5911,4
5912,2
5913,9
5914,9
5915,11
5916,9
5917,6
5918,7
5919,8
5920,6
5921,3
5922,4
5923,2
5924,3
5925,10
5926,6
5927,2
5928,10
5929,8
5930,6
5931,12
5932,10
5933,1
5934,12
5935,2
5936,4
5937,8
5938,10
5939,2
5940,9
5941,11
5942,2
5943,8
5944,9
5945,4
5946,6
5947,12
5948,9
5949,4
5950,8
5951,5
5952,11
5953,9
5954,10
5955,4
5956,2
5957,10
5958,8
5959,2
5960,3
5961,9
5962,3
5963,8
5964,6
5965,7
5966,2
5967,8
5968,2
5969,12
5970,3
5971,8
5972,6
5973,7
5974,11
5975,10
5976,4
5977,9
5978,1
5979,4
5980,5
5981,9
5982,10
5983,11
5984,9
5985,3
5986,8
5987,9
5988,6
5989,10
5990,4
5991,5
5992,4
5993,1
5994,12
5995,1
5996,5
5997,2
5998,1
5999,8
6000,4
6001,4
6002,11
6003,10
6004,10
6005,11
6006,1
6007,7
6008,4
6009,7
6010,5
6011,3
6012,9
6013,8
6014,1
6015,10
6016,10
6017,9
6018,5
6019,2
6020,1
6021,11
6022,5
6023,3
6024,7
6025,8
6026,2
6027,1
6028,10
6029,8
6030,10
6031,8
6032,11
6033,1
6034,6
6035,8
6036,7
6037,9
6038,4
6039,3
6040,9
6041,1
6042,7
6043,6
6044,7
6045,6
6046,11
6047,4
6048,12
6049,7
6050,9
6051,11
6052,1
6053,9
6054,5
6055,9
6056,1
6057,8
6058,2
6059,7
6060,8
6061,7
6062,9
6063,3
6064,1
6065,12
6066,12
6067,1
6068,12
6069,2
6070,1
6071,2
6072,2
6073,5
6074,6
6075,3
6076,11
6077,1
6078,10
6079,7
6080,6
6081,4
6082,8
6083,1
6084,10
6085,9
6086,2
6087,7
6088,4
6089,2
6090,7
6091,3
6092,4
6093,3
6094,5
6095,10
6096,3
6097,1
6098,8
6099,3
6100,8
6101,4
6102,5
6103,8
6104,8
6105,3
6106,5
6107,8
6108,11
6109,6
6110,12
6111,9
6112,3
6113,5
6114,10
6115,4
6116,2
6117,1
6118,3
6119,12
6120,7
6121,9
6122,7
6123,1
6124,7
6125,4
6126,10
6127,8
6128,9
6129,2
6130,8
6131,3
6132,3
6133,7
6134,2
6135,11
6136,12
6137,6
6138,6
6139,7
6140,2
6141,9
6142,9
6143,9
6144,10
6145,6
6146,11
6147,7
6148,8
6149,9
6150,7
6151,9
6152,8
6153,3
6154,10
6155,11
6156,5
6157,11
6158,10
6159,1
6160,8
6161,2
6162,5
6163,9
6164,9
6165,9
6166,7
6167,10
6168,8
6169,8
6170,6
6171,3
6172,10
6173,4
6174,1
6175,9
6176,8
6177,11
6178,11
6179,3
6180,12
6181,10
6182,8
6183,1
6184,4
6185,3
6186,4
6187,6
6188,5
6189,9
6190,10
6191,7
6192,2
6193,1
6194,2
6195,8
6196,12
6197,12
6198,11
6199,6
6200,3
6201,4
6202,2
6203,7
6204,4
6205,2
6206,4
6207,11
6208,7
6209,11
6210,1
6211,11
6212,3
6213,5
6214,3
6215,6
6216,5
6217,11
6218,12
6219,9
6220,3
6221,4
6222,9
6223,3
6224,8
6225,3
6226,11
6227,11
6228,4
6229,2
6230,7
6231,6
6232,3
6233,8
6234,10
6235,5
6236,10
6237,3
6238,5
6239,6
6240,10
6241,8
6242,7
6243,11
6244,8
6245,2
6246,10
6247,1
6248,5
6249,4
6250,6
6251,10
6252,1
6253,10
6254,8
6255,8
6256,2
6257,12
6258,10
6259,7
6260,3
6261,4
6262,10
6263,5
6264,9
6265,12
6266,11
6267,10
6268,9
6269,8
6270,11
6271,4
6272,8
6273,4
6274,5
6275,5
6276,2
6277,8
6278,12
6279,2
6280,10
6281,2
6282,3
6283,8
6284,12
6285,4
6286,1
6287,3
6288,3
6289,6
6290,7
6291,5
6292,6
6293,8
6294,5
6295,11
6296,2
6297,10
6298,7
6299,9
6300,6
6301,9
6302,8
6303,1
6304,8
6305,2
6306,10
6307,9
6308,1
6309,10
6310,9
6311,10
6312,12
6313,7
6314,3
6315,10
6316,7
6317,5
6318,6
6319,8
6320,2
6321,11
6322,11
6323,5
6324,10
6325,6
6326,10
6327,6
6328,1
6329,9
6330,4
6331,11
6332,4
6333,10
6334,3
6335,5
6336,4
6337,6
6338,6
6339,6
6340,10
6341,6
6342,10
6343,2
6344,8
6345,7
6346,10
6347,12
6348,1
6349,3
6350,2
6351,3
6352,4
6353,3
6354,6
6355,5
6356,7
6357,3
6358,6
6359,6
6360,3
6361,10
6362,12
6363,6
6364,9
6365,1
6366,12
6367,12
6368,10
6369,3
6370,3
6371,4
6372,8
6373,9
6374,12
6375,4
6376,2
6377,10
6378,9
6379,11
6380,3
6381,5
6382,1
6383,9
6384,5
6385,12
6386,7
6387,4
6388,7
6389,6
6390,9
6391,5
6392,3
6393,12
6394,5
6395,9
6396,4
6397,12
6398,4
6399,2
6400,10
6401,12
6402,7
6403,8
6404,9
6405,3
6406,11
6407,2
6408,1
6409,3
6410,7
6411,12
6412,3
6413,6
6414,12
6415,5
6416,11
6417,2
6418,2
6419,9
6420,9
6421,11
6422,2
6423,3
6424,8
6425,1
6426,11
6427,5
6428,8
6429,8
6430,9
6431,4
6432,9
6433,8
6434,7
6435,2
6436,7
6437,11
6438,10
6439,4
6440,1
6441,1
6442,3
6443,2
6444,11
6445,12
6446,9
6447,12
6448,12
6449,9
6450,5
6451,11
6452,12
6453,2
6454,1
6455,8
6456,7
6457,12
6458,7
6459,2
6460,12
6461,10
6462,5
6463,12
6464,9
6465,10
6466,12
6467,6
6468,11
6469,5
6470,8
6471,12
6472,6
6473,4
6474,5
6475,3
6476,8
6477,2
6478,9
6479,10
6480,12
6481,1
6482,5
6483,3
6484,10
6485,10
6486,10
6487,9
6488,3
6489,4
6490,1
6491,10
6492,3
6493,3
6494,4
6495,5
6496,2
6497,4
6498,6
6499,3
6500,4
6501,6
6502,4
6503,3
6504,4
6505,5
6506,11
6507,7
6508,4
6509,1
6510,8
6511,10
6512,6
6513,8
6514,3
6515,3
6516,1
6517,12
6518,4
6519,1
6520,4
6521,9
6522,5
6523,3
6524,6
6525,6
6526,5
6527,11
6528,11
6529,4
6530,2
6531,4
6532,1
6533,11
6534,5
6535,4
6536,9
6537,10
6538,1
6539,8
6540,5
6541,6
6542,12
6543,1
6544,2
6545,3
6546,3
6547,4
6548,7
6549,6
6550,4
6551,12
6552,3
6553,4
6554,9
6555,7
6556,2
6557,6
6558,8
6559,3
6560,12
6561,10
6562,5
6563,8
6564,8
6565,12
6566,3
6567,7
6568,4
6569,11
6570,10
6571,6
6572,7
6573,2
6574,3
6575,9
6576,1
6577,10
6578,2
6579,7
6580,1
6581,9
6582,12
6583,6
6584,2
6585,1
6586,11
6587,10
6588,9
6589,9
6590,7
6591,5
6592,12
6593,2
6594,10
6595,6
6596,2
6597,2
6598,4
6599,2
6600,5
6601,5
6602,7
6603,2
6604,3
6605,5
6606,9
6607,7
6608,6
6609,1
6610,2
6611,9
6612,11
6613,12
6614,11
6615,3
6616,11
6617,8
6618,3
6619,3
6620,8
6621,8
6622,12
6623,2
6624,11
6625,12
6626,12
6627,3
6628,7
6629,10
6630,12
6631,6
6632,2
6633,10
6634,2
6635,2
6636,10
6637,12
6638,11
6639,3
6640,5
6641,3
6642,2
6643,10
6644,12
6645,12
6646,6
6647,12
6648,4
6649,11
6650,2
6651,10
6652,5
6653,10
6654,1
6655,9
6656,11
6657,5
6658,5
6659,3
6660,6
6661,11
6662,2
6663,10
6664,9
6665,10
6666,5
6667,10
6668,9
6669,3
6670,4
6671,10
6672,1
6673,1
6674,10
6675,12
6676,2
6677,11
6678,10
6679,2
6680,3
6681,8
6682,2
6683,2
6684,10
6685,11
6686,2
6687,10
6688,8
6689,6
6690,10
6691,11
6692,10
6693,11
6694,6
6695,2
6696,10
6697,11
6698,5
6699,4
6700,8
6701,1
6702,12
6703,11
6704,11
6705,9
6706,8
6707,11
6708,4
6709,10
6710,3
6711,10
6712,10
6713,10
6714,2
6715,11
6716,6
6717,6
6718,4
6719,4
6720,11
6721,4
6722,4
6723,5
6724,5
6725,3
6726,4
6727,3
6728,10
6729,10
6730,5
6731,11
6732,8
6733,11
6734,4
6735,5
6736,11
6737,12
6738,8
6739,9
6740,1
6741,7
6742,10
6743,4
6744,2
6745,4
6746,10
6747,1
6748,10
6749,3
6750,10
6751,1
6752,12
6753,5
6754,11
6755,8
6756,1
6757,11
6758,10
6759,4
6760,6
6761,3
6762,10
6763,8
6764,10
6765,12
6766,1
6767,7
6768,2
6769,11
6770,3
6771,8
6772,1
6773,11
6774,8
6775,4
6776,10
6777,10
6778,1
6779,9
6780,3
6781,7
6782,3
6783,3
6784,1
6785,6
6786,1
6787,3
6788,10
6789,11
6790,6
6791,10
6792,7
6793,6
6794,11
6795,9
6796,3
6797,3
6798,11
6799,1
6800,4
6801,2
6802,2
6803,6
6804,6
6805,2
6806,8
6807,3
6808,2
6809,9
6810,2
6811,8
6812,4
6813,8
6814,9
6815,4
6816,7
6817,10
6818,12
6819,9
6820,3
6821,9
6822,1
6823,12
6824,9
6825,4
6826,11
6827,4
6828,3
6829,11
6830,5
6831,1
6832,3
6833,5
6834,3
6835,4
6836,10
6837,3
6838,2
6839,1
6840,10
6841,2
6842,6
6843,11
6844,2
6845,1
6846,4
6847,2
6848,5
6849,3
6850,11
6851,9
6852,3
6853,12
6854,4
6855,4
6856,10
6857,9
6858,6
6859,8
6860,2
6861,8
6862,11
6863,6
6864,11
6865,1
6866,1
6867,9
6868,10
6869,3
6870,2
6871,2
6872,2
6873,8
6874,4
6875,9
6876,1
6877,6
6878,7
6879,9
6880,6
6881,11
6882,8
6883,2
6884,2
6885,4
6886,8
6887,10
6888,3
6889,9
6890,9
6891,6
6892,4
6893,8
6894,7
6895,2
6896,3
6897,4
6898,3
6899,6
6900,12
6901,6
6902,8
6903,9
6904,1
6905,10
6906,1
6907,12
6908,11
6909,2
6910,9
6911,6
6912,8
6913,5
6914,8
6915,7
6916,4
6917,1
6918,9
6919,5
6920,2
6921,10
6922,9
6923,11
6924,10
6925,5
6926,8
6927,4
6928,4
6929,5
6930,4
6931,3
6932,7
6933,7
6934,8
6935,9
6936,6
6937,6
6938,3
6939,11
6940,6
6941,2
6942,9
6943,3
6944,1
6945,2
6946,1
6947,4
6948,4
6949,2
6950,3
6951,6
6952,5
6953,9
6954,9
6955,2
6956,12
6957,10
6958,3
6959,2
6960,4
6961,8
6962,1
6963,3
6964,3
6965,9
6966,10
6967,3
6968,4
6969,12
6970,11
6971,12
6972,9
6973,5
6974,9
6975,11
6976,4
6977,10
6978,3
6979,11
6980,8
6981,3
6982,11
6983,3
6984,11
6985,12
6986,12
6987,12
6988,1
6989,10
6990,1
6991,9
6992,11
6993,12
6994,4
6995,10
6996,12
6997,4
6998,4
6999,1
7000,9
7001,1
7002,11
7003,4
7004,4
7005,3
7006,1
7007,8
7008,10
7009,2
7010,4
7011,4
7012,10
7013,6
7014,4
7015,2
7016,10
7017,12
7018,11
7019,10
7020,1
7021,10
7022,7
7023,1
7024,11
7025,2
7026,4
7027,12
7028,12
7029,2
7030,6
7031,5
7032,8
7033,4
7034,10
7035,11
7036,10
7037,9
7038,11
7039,2
7040,2
7041,10
7042,2
7043,4
7044,12
7045,2
7046,1
7047,9
7048,12
7049,4
7050,7
7051,11
7052,4
7053,11
7054,3
7055,3
7056,6
7057,2
7058,4
7059,4
7060,1
7061,1
7062,5
7063,2
7064,2
7065,8
7066,3
7067,1
7068,4
7069,10
7070,4
7071,4
7072,10
7073,5
7074,12
7075,12
7076,10
7077,1
7078,2
7079,11
7080,12
7081,8
7082,10
7083,1
7084,9
7085,10
7086,1
7087,10
7088,9
7089,3
7090,4
7091,4
7092,10
7093,4
7094,4
7095,6
7096,4
7097,10
7098,11
7099,4
7100,11
7101,11
7102,7
7103,5
7104,10
7105,12
7106,3
7107,12
7108,4
7109,1
7110,10
7111,11
7112,5
7113,6
7114,11
7115,4
7116,6
7117,4
7118,3
7119,4
7120,4
7121,1
7122,2
7123,10
7124,7
7125,6
7126,8
7127,4
7128,2
7129,9
7130,4
7131,10
7132,11
7133,1
7134,3
7135,10
7136,1
7137,9
7138,11
7139,3
7140,4
7141,6
7142,11
7143,7
7144,6
7145,8
7146,2
7147,3
7148,2
7149,8
7150,10
7151,1
7152,7
7153,4
7154,6
7155,12
7156,9
7157,1
7158,9
7159,11
7160,2
7161,4
7162,1
7163,9
7164,2
7165,2
7166,2
7167,2
7168,8
7169,2
7170,9
7171,10
7172,8
7173,2
7174,4
7175,4
7176,1
7177,12
7178,2
7179,12
7180,3
7181,10
7182,11
7183,2
7184,1
7185,2
7186,4
7187,7
7188,4
7189,10
7190,1
7191,12
7192,10
7193,12
7194,1
7195,9
7196,10
7197,2
7198,9
7199,2
7200,8
7201,9
7202,2
7203,12
7204,9
7205,10
7206,5
7207,10
7208,11
7209,11
7210,4
7211,1
7212,6
7213,11
7214,8
7215,8
7216,12
7217,5
7218,2
7219,12
7220,10
7221,10
7222,6
7223,12
7224,5
7225,5
7226,12
7227,6
7228,11
7229,9
7230,4
7231,3
7232,2
7233,12
7234,11
7235,3
7236,10
7237,12
7238,2
7239,4
7240,3
7241,1
7242,5
7243,1
7244,10
7245,10
7246,12
7247,10
7248,5
7249,5
7250,1
7251,11
7252,1
7253,4
7254,6
7255,1
7256,4
7257,9
7258,4
7259,8
7260,7
7261,6
7262,1
7263,10
7264,12
7265,9
7266,10
7267,10
7268,9
7269,10
7270,2
7271,3
7272,11
7273,9
7274,9
7275,5
7276,5
7277,6
7278,8
7279,4
7280,10
7281,2
7282,1
7283,4
7284,11
7285,6
7286,1
7287,6
7288,6
7289,2
7290,11
7291,10
7292,6
7293,7
7294,3
7295,11
7296,12
7297,12
7298,7
7299,3
7300,10
7301,9
7302,3
7303,12
7304,8
7305,12
7306,10
7307,10
7308,12
7309,2
7310,2
7311,8
7312,12
7313,5
7314,8
7315,2
7316,8
7317,3
7318,5
7319,9
7320,12
7321,10
7322,2
7323,9
7324,2
7325,9
7326,11
7327,10
7328,10
7329,3
7330,12
7331,1
7332,1
7333,3
7334,11
7335,4
7336,1
7337,9
7338,9
7339,10
7340,11
7341,11
7342,4
7343,10
7344,3
7345,6
7346,10
7347,1
7348,1
7349,11
7350,4
7351,4
7352,6
7353,6
7354,6
7355,1
7356,5
7357,2
7358,4
7359,3
7360,10
7361,10
7362,7
7363,2
7364,8
7365,12
7366,5
7367,7
7368,10
7369,2
7370,11
7371,9
7372,11
7373,3
7374,6
7375,6
7376,2
7377,2
7378,8
7379,9
7380,3
7381,9
7382,8
7383,2
7384,8
7385,10
7386,3
7387,5
7388,4
7389,5
7390,1
7391,10
7392,9
7393,9
7394,3
7395,11
7396,5
7397,7
7398,2
7399,12
7400,11
7401,4
7402,8
7403,6
7404,2
7405,11
7406,12
7407,6
7408,9
7409,3
7410,9
7411,10
7412,10
7413,9
7414,12
7415,9
7416,11
7417,2
7418,7
7419,1
7420,6
7421,10
7422,1
7423,11
7424,6
7425,10
7426,1
7427,9
7428,7
7429,11
7430,10
7431,10
7432,1
7433,8
7434,5
7435,10
7436,9
7437,7
7438,11
7439,6
7440,10
7441,4
7442,10
7443,10
7444,5
7445,12
7446,2
7447,2
7448,2
7449,9
7450,9
7451,12
7452,9
7453,1
7454,2
7455,10
7456,3
7457,2
7458,4
7459,10
7460,8
7461,1
7462,9
7463,5
7464,6
7465,3
7466,9
7467,5
7468,3
7469,4
7470,3
7471,12
7472,10
7473,1
7474,11
7475,7
7476,12
7477,11
7478,3
7479,6
7480,2
7481,7
7482,9
7483,12
7484,7
7485,10
7486,4
7487,2
7488,11
7489,1
7490,4
7491,10
7492,3
7493,4
7494,7
7495,10
7496,4
7497,1
7498,3
7499,12
7500,1
7501,2
7502,2
7503,3
7504,10
7505,8
7506,3
7507,1
7508,9
7509,10
7510,10
7511,5
7512,4
7513,1
7514,3
7515,11
7516,10
7517,8
7518,2
7519,6
7520,8
7521,1
7522,10
7523,8
7524,5
7525,2
7526,1
7527,3
7528,1
7529,7
7530,3
7531,9
7532,8
7533,10
7534,6
7535,4
7536,12
7537,8
7538,2
7539,10
7540,9
7541,10
7542,12
7543,11
7544,4
7545,1
7546,6
7547,1
7548,2
7549,12
7550,4
7551,3
7552,9
7553,12
7554,12
7555,7
7556,3
7557,4
7558,2
7559,12
7560,7
7561,2
7562,6
7563,9
7564,11
7565,4
7566,3
7567,9
7568,1
7569,3
7570,4
7571,4
7572,1
7573,2
7574,2
7575,2
7576,10
7577,9
7578,11
7579,7
7580,10
7581,10
7582,9
7583,11
7584,3
7585,1
7586,10
7587,12
7588,11
7589,3
7590,1
7591,3
7592,12
7593,2
7594,3
7595,8
7596,2
7597,12
7598,5
7599,1
7600,9
7601,4
7602,7
7603,3
7604,12
7605,10
7606,3
7607,11
7608,8
7609,10
7610,12
7611,12
7612,8
7613,4
7614,2
7615,2
7616,10
7617,9
7618,1
7619,9
7620,9
7621,9
7622,12
7623,6
7624,12
7625,4
7626,4
7627,4
7628,9
7629,10
7630,1
7631,2
7632,11
7633,10
7634,2
7635,10
7636,1
7637,11
7638,8
7639,9
7640,4
7641,1
7642,1
7643,12
7644,3
7645,12
7646,12
7647,10
7648,12
7649,10
7650,10
7651,3
7652,2
7653,3
7654,9
7655,9
7656,2
7657,1
7658,5
7659,3
7660,11
7661,12
7662,5
7663,11
7664,2
7665,10
7666,10
7667,12
7668,9
7669,4
7670,9
7671,11
7672,12
7673,1
7674,11
7675,2
7676,5
7677,10
7678,1
7679,11
7680,12
7681,4
7682,4
7683,8
7684,2
7685,12
7686,12
7687,1
7688,10
7689,10
7690,4
7691,12
7692,1
7693,12
7694,11
7695,11
7696,1
7697,12
7698,5
7699,4
7700,1
7701,1
7702,9
7703,11
7704,2
7705,12
7706,5
7707,8
7708,10
7709,11
7710,12
7711,12
7712,10
7713,12
7714,3
7715,1
7716,8
7717,1
7718,2
7719,4
7720,1
7721,9
7722,4
7723,11
7724,8
7725,12
7726,9
7727,11
7728,12
7729,9
7730,9
7731,1
7732,5
7733,5
7734,4
7735,9
7736,2
7737,1
7738,8
7739,3
7740,12
7741,5
7742,9
7743,1
7744,8
7745,2
7746,3
7747,6
7748,3
7749,10
7750,6
7751,12
7752,8
7753,3
7754,4
7755,9
7756,1
7757,10
7758,1
7759,4
7760,12
7761,12
7762,6
7763,11
7764,11
7765,9
7766,2
7767,10
7768,3
7769,3
7770,11
7771,12
7772,10
7773,10
7774,12
7775,5
7776,7
7777,3
7778,3
7779,5
7780,12
7781,2
7782,5
7783,4
7784,9
7785,9
7786,5
7787,12
7788,3
7789,6
7790,12
7791,8
7792,4
7793,4
7794,10
7795,2
7796,12
7797,8
7798,7
7799,8
7800,10
7801,10
7802,12
7803,5
7804,1
7805,2
7806,7
7807,4
7808,9
7809,11
7810,11
7811,4
7812,9
7813,10
7814,12
7815,8
7816,7
7817,12
7818,5
7819,5
7820,4
7821,9
7822,7
7823,9
7824,10
7825,12
7826,5
7827,10
7828,11
7829,4
7830,1
7831,6
7832,5
7833,4
7834,7
7835,12
7836,8
7837,1
7838,6
7839,3
7840,1
7841,9
7842,12
7843,10
7844,6
7845,4
7846,5
7847,3
7848,8
7849,12
7850,1
7851,12
7852,8
7853,6
7854,9
7855,12
7856,9
7857,3
7858,6
7859,11
7860,8
7861,12
7862,6
7863,11
7864,4
7865,1
7866,9
7867,10
7868,3
7869,10
7870,3
7871,11
7872,1
7873,8
7874,3
7875,7
7876,12
7877,2
7878,8
7879,8
7880,10
7881,6
7882,9
7883,9
7884,8
7885,12
7886,9
7887,6
7888,10
7889,1
7890,9
7891,3
7892,5
7893,7
7894,1
7895,2
7896,12
7897,2
7898,7
7899,9
7900,3
7901,1
7902,8
7903,11
7904,8
7905,3
7906,12
7907,6
7908,5
7909,11
7910,12
7911,12
7912,5
7913,11
7914,9
7915,6
7916,12
7917,6
7918,7
7919,1
7920,10
7921,12
7922,6
7923,11
7924,6
7925,2
7926,9
7927,11
7928,9
7929,4
7930,12
7931,1
7932,2
7933,5
7934,6
7935,4
7936,5
7937,9
7938,8
7939,2
7940,5
7941,5
7942,8
7943,6
7944,5
7945,3
7946,10
7947,2
7948,12
7949,9
7950,8
7951,3
7952,2
7953,11
7954,7
7955,12
7956,11
7957,5
7958,1
7959,12
7960,7
7961,11
7962,11
7963,10
7964,5
7965,6
7966,8
7967,6
7968,5
7969,6
7970,9
7971,1
7972,5
7973,11
7974,3
7975,3
7976,7
7977,8
7978,10
7979,12
7980,11
7981,3
7982,8
7983,10
7984,9
7985,12
7986,12
7987,9
7988,2
7989,12
7990,7
7991,3
7992,11
7993,10
7994,7
7995,5
7996,5
7997,3
7998,6
7999,9
8000,5
8001,9
8002,4
8003,9
8004,10
8005,3
8006,8
8007,3
8008,5
8009,9
8010,7
8011,12
8012,4
8013,9
8014,1
8015,1
8016,2
8017,9
8018,5
8019,5
8020,8
8021,12
8022,12
8023,12
8024,10
8025,7
8026,5
8027,11
8028,10
8029,5
8030,5
8031,7
8032,9
8033,7
8034,3
8035,10
8036,10
8037,6
8038,6
8039,7
8040,5
8041,4
8042,3
8043,6
8044,1
8045,9
8046,9
8047,7
8048,6
8049,5
8050,11
8051,5
8052,3
8053,6
8054,12
8055,10
8056,8
8057,11
8058,6
8059,4
8060,4
8061,8
8062,2
8063,4
8064,5
8065,6
8066,11
8067,9
8068,9
8069,12
8070,4
8071,11
8072,6
8073,8
8074,8
8075,12
8076,4
8077,5
8078,7
8079,7
8080,3
8081,6
8082,4
8083,9
8084,8
8085,6
8086,12
8087,5
8088,7
8089,5
8090,1
8091,11
8092,12
8093,3
8094,7
8095,5
8096,8
8097,12
8098,4
8099,3
8100,5
8101,4
8102,5
8103,11
8104,8
8105,9
8106,12
8107,5
8108,5
8109,11
8110,12
8111,4
8112,4
